{"graph_0": {"_type": "graph-file", "path": "media/graph/graph_0_summary_7c745d35.graph.json", "sha256": "7c745d35a7839039f450b375499e2f4fd7027769999fbaa4b967ad5f38e2ee0f", "size": 1923}, "_timestamp": 1595680179.040591, "Test Accuracy": 49.23338440911702, "_step": 0, "Test Sentiment Loss": 0.7410878300666809, "_runtime": 17.668370723724365, "Test Language Loss": 1.6234863996505737}
