{"graph_0": {"_type": "graph-file", "path": "media/graph/graph_0_summary_7f3cde6a.graph.json", "sha256": "7f3cde6aa8f4ae77aa5a98094a501d026f8e46c590d2abdebfaab65e450dc10c", "size": 1914}, "Test Language Loss": 1.4282900094985962, "Test Sentiment Loss": 0.6779495000839233, "_runtime": 14.838993549346924, "_timestamp": 1595680093.302204, "Test Accuracy": 58.35292904290429, "_step": 0}
