{"graph_0": {"_type": "graph-file", "path": "media/graph/graph_0_summary_4bb71b69.graph.json", "sha256": "4bb71b690052d4d36a191fa087e1839266f6d0a1dba9688059242d66f01053f1", "size": 1920}, "_timestamp": 1595590179.4308383, "Test Accuracy": 51.0354609929078, "_runtime": 29.202718496322632, "_step": 3, "Test Sentiment Loss": 0.7000361800193786, "Objective Loss": 3.9447256565093993, "Test Language Loss": 1.27232666015625}
