{"graph_0": {"_type": "graph-file", "path": "media/graph/graph_0_summary_6f068d70.graph.json", "sha256": "6f068d70e150a795e386a97f21f978afe13a3b317823c67beb1294fd5d5f6894", "size": 1896}, "_timestamp": 1595587982.9200265, "Objective Loss": 3.9018368244171144, "_step": 0, "Test Sentiment Loss": 0.6829935073852539, "Test Language Loss": 1.2679249048233032, "Test Accuracy": 55.84620476610767, "_runtime": 13.808527708053589}
