{"graph_0": {"_type": "graph-file", "path": "media/graph/graph_0_summary_5063d744.graph.json", "sha256": "5063d7446d01c2957781df41551b4eaeeed9b6c9e3592b4e9010ff2acdb51b00", "size": 1936}, "Objective Loss": 5.844893727983747, "Test Sentiment Loss": 0.6913136925016131, "_runtime": 16.9163920879364, "Test Language Loss": 2.231133120400565, "Test Accuracy": 54.67085149876084, "_step": 0, "_timestamp": 1595590020.1155775}
