{"graph_0": {"_type": "graph-file", "path": "media/graph/graph_0_summary_340b4f49.graph.json", "sha256": "340b4f4979e331d81a7f7a180b52f70ff5eb34f4338a553719152c89fd31d3d5", "size": 1896}, "Test Sentiment Loss": 0.6829935073852539, "_runtime": 14.90671443939209, "Objective Loss": 3.9018368244171144, "Test Accuracy": 55.84620476610767, "Test Language Loss": 1.2679249048233032, "_timestamp": 1595587746.9492104, "_step": 0}
